;0
0;" OverviewWithin the department of Therapeutic Strategy resides 16 Centers of Excellence focused on key therapeutic areas such as Rare Disease, Respiratory, and Pediatrics. The primary role of the Clinical Scientist is to support one or more Centers of Excellence in defining a vision for the future delivery of research within that space and to translate that vision to a broad audience including customers and internal stakeholders. The candidate will actively consult on mergers and acquisitions, technology build and process changes for trial delivery. They will further collaborate with teams to build customer ready messaging around IQVIA’s unique offerings from the Centers of Excellence perspective. When called upon the Clinical Scientist may support the bid defense process or work with delivery teams to directly improve upon existing strategies.To be successful in this role, it is important to have deep knowledge of clinical trial operations from Phase 1 to Phase 3 and to have a cursory understanding of preclinical and late-phase approaches. Broad knowledge of the clinical trial landscape including vendors, technology, regulations and evolving trial design will be critical for this role. Specific therapeutic knowledge in one of the following areas preferred: Rare Disease, Pediatrics, and Respiratory.The ideal candidate is an experienced, consultative leader who is capable of working with a diverse audience ranging from project teams to executive leadership. The candidate will need to be comfortable engaging with medical staff and translating medical and scientific concepts for non-subject matter experts and back. The ideal candidate is curious, innovative, brave in thought, loves to brainstorm, naturally changes their messaging to meet the audience, is comfortable with ambiguity or shifting landscapes, pragmatic and sensible.ResponsibilitiesTherapeutic Area Strategy Development: Collaborate with clinical development teams to understand shifting landscapes in delivery that may impact the future of research and delivery Explore existing landscape of companies that support clinical research with an eye for innovating and evolving delivery Translates the COE vision for consumption by a broad audience Support Center of Excellence in preparing market ready materials focused on therapeutic area differentiation and innovation Supporting Merger and Acquisition team Drafting business cases for future innovations Defining Key Performance metrics to measure the success of innovations Guide and mentor strategy and project teams when called uponRequired Knowledge, Skills And Abilities Remain up to date with knowledge and information that supports effectiveness as a Therapeutic Strategy Lead e.g. understanding IQVIA’ services, tools and product offerings, status and trends in assigned TA(s), innovations and advances in clinical trial methodology, and business intelligence. Broad protocol and therapeutic knowledge Remain current on research and development trends within the industry related to assigned Centers of Excellence Proven ability to make decisions with limited information, bringing clarity to disparate information to inform actions and drive results Experience working productively in a pressurized environment, managing competing priorities & maintaining a positive outlook at work; handles criticism well and learns from it Robust and current knowledge of scientific, clinical, regulatory, commercial and competitive landscape in applicable therapeutic area Demonstrated ability to understand client needs, have difficult conversations with internal/external stakeholders and clients, negotiate solutions and understand impacts on the overall offering Strong communication, presentation, and interpersonal skills, including good command of English language (both written and spoken) Strong business acumen including confidence with financial considerations, excellent negotiation and influencing skills, and comfort working in both sales and operational environments Flexible and able to work in situations where specifications may or may not be well defined and willing to support work in other therapeutic areas when required Confident and capable in the use of technology, applications, and other media e.g. databases and internet to research new opportunities, maintain currency of therapeutic and operational knowledge, and competitive landscape. Must be competent in Excel and Powerpoint specifically. Ability to manage Phase 1-3 or 2-3 Clinical Studies.IQVIA is a leading global provider of advanced analytics, technology solutions and clinical research services to the life sciences industry. We believe in pushing the boundaries of human science and data science to make the biggest impact possible – to help our customers create a healthier world. Learn more at https://jobs.iqvia.comWe are committed to providing equal employment opportunities for all, including veterans and candidates with disabilities. https://jobs.iqvia.com/eoeAs the COVID-19 virus continues to evolve, IQVIA’s ability to operate and provide certain services to customers and partners necessitates IQVIA and its employees meet specific requirements regarding vaccination status. https://jobs.iqvia.com/covid-19-vaccine-status "
1; OverviewThe Data Architect II is responsible for designing and documenting logical and physical Enterprise Application (OLTP) and Data Warehouse (OLAP) databases and creating the related ETL Design Specifications with supporting documentation. This team member actively leads and participates in Data Governance initiatives to support the GM Financial Enterprise Data Strategy across operational and analytical database environments.The Data Architect II leads and coordinates cross functional teams on a project basis to effectively communicate database design related activities with a wide range of technical, non-technical, and third party team members. This team member is also responsible for the publication and distribution of Enterprise and Data Warehouse data models and related documentation throughout the company. The Data Architect II searches for, identifies and exploits opportunities to enhance Enterprise analytical databases using knowledge gained from experience and from an understanding of emerging methodologies.Location: São PauloResponsibilities Work fluently with many technologies including Hadoop, Big Data, NoSQL, Data Virtualization, Data Services, Oracle, Oracle Exadata  Create and document logical data integration (ETL) strategies for data flows between disparate source/target systems and the Enterprise Data Warehouse  Perform a variety of in-depth data analysis, data modeling and data administration tasks on complicated datasets with potentially complex data integration scenarios with limited supervision  Establish, maintain, adhere to and enforce Enterprise Data Modeling and Data Integration standards  Communicate with and/or interview users to plan, develop, improve and maintain moderately complex components of the logical/physical corporate model  Work closely with BSA, business and IT team members to clarify and refine functional data requirement specifications  Develop and present training materials such as data flow diagrams, conceptual diagrams, UML diagrams, ER flow diagrams as needed to clarify data model meaning and usage effectively to a wide range of technical and non-technical consumers  Work closely with Database Administrators and Data Integration (ETL) developers resulting in effective data driven solutions  Participate in the implementation of strategic Enterprise Data Strategies  Participate in the proliferation of our Corporate Meta-Data Repository  Maintain and administer the Corporate Data Model Repository  Create reporting as required on Corporate Data  Must drive innovations by keeping current on emerging technology and Data Trends which may fit with GMF needs  Must be able to research, present, and accurately articulate benefits and goals of these technologies, such as Big Data, Hadoop, NoSQL, Data V  Perform other duties as assigned  Conform with all company policies and procedures Qualifications Bachelor degree in related field.  Experience in Data Modeling.  Experience with current data technologies including Hadoop, Big Data, NoSQL, Data Virtualization, Data Services, Oracle, Oracle Exadata.  Advanced English Skills both verbal and written.  Working knowledge of business processes for supported business groups  Working knowledge of information technology systems, infrastructure and operations  Working knowledge of security methodologies, policies, standards and best practices  Knowledgeable about best practices in information technology governance and regulatory landscape for financial institutions  Working knowledge of all system applications  Working knowledge of the consumer loan business  Working knowledge of the Corporate Business solution environment  Must have moderate to strong working knowledge of ERwin Data Modeling Software  Must have moderate to strong working knowledge of ETL and Data integration techniques, Informatica Power Center preferred  Must be able to recognize and identify patterns in data relationships from disparate systems  Strong in the use of Microsoft Office software including strong ability to analyze data using Excel for reporting and data mining purposes  Strong people skills including the ability to interact with employees at all level  Ability to meet expected delivery dates and the tasks necessary to achieve objectives.  Computer skills and conversance in information technology issues.  Deadline oriented.  Excellent writing and speaking skills.  Experience with data visualization concepts and tools.  Must be a self-starter and able to manage the investigations function with minimal supervision. Estamos atuando com modelo hibrido com idas ao escritório em média duas vezes na semana.Localização: Avenida Indianópolis, 3096 | Planalto Paulista. Disclaimer Brazil - GM Financial is an Equal Opportunity Employer and is committed to diversity and inclusion at every level of our organization. We do not discriminate against any applicant or employee based on race, color, age, gender, marital status, national origin, religion, sexual orientation, gender identity, veteran status or disability. 
2; Your MissionThe Global Analytics & Data Products Team is looking for a Data Scientist. As a key member of the Data Science Team, your mission is to put science into decision making.Responsibilities:Priorities can change in a fast-paced environment like ours, so this role includes, but is not limited to the following responsibilitiesPartner with cross-functional teams to prioritize domain use cases for customer engagement and monetizationDevelop novel research to deduce and draw conclusions from behavioral data to directly influence developmentDesign, analyze and graduate experiments within your domain assignmentsProvide technical leadership to data scientists with a wide range of backgrounds through code reviewsDemocratize and socialize learning by centralizing learning in a internal repository and external blogUnderstand stakeholder needs and educate partners on the formulation of research questions and methodologiesEvangelize our data science practice within the company to increase research utilization and recruit new talentBasic Qualifications:Advanced in EnglishBachelor's degree in Computer Science, Computer Engineering, Electrical Engineering or related degree field 4 years of experience in advanced analytics / data scienceExperience with distributed analytical processing technologies - Spark, Hive, PrestoExperience in deriving narrative from data and communicate the results effectivelyExperience in AB testing and causal inference methodologiesDemonstrated programming skills in software developmentTools: Github, MLFlow or AirFlow.Programming languages: Python, PySpark, bash, Java, SQLExperience with Cloud Services: AWS (preferred) or AzureComprehensive experience with predictive and prescriptive modeling/ machine learningPreferred Qualifications:Be active in the industry, recognized for the application of science within your industryExemplifies multidimensional skill sets -- data science, experimentation, analysis, engineering, etcAt Stellantis, we assess candidates based on qualifications, merit and business needs. We welcome applications from people of all gender identities, age, ethnicity, nationality, religion, sexual orientation and disability. Diverse teams, will allow us to better meet the evolving needs of our customers and care for our future. 
3; Position SummarySRBR AI team is looking for interns to help our team to generate innovative health features for Samsung wearable and mobile devices. The interns will have opportunity to work with experienced machine learning and AI specialists and will have the opportunity to contribute to projects that can cause impact to millions of people worldwide.The interns can contribute to activities related to data analysis, signal processing, machine learning, design of experiments and many others.Role And ResponsibilitiesMain responsibilities:Contribute to data gathering and processing techniques and to perform exploratory data analysis, including in big data environmentsContribute to define and experiment signal processing techniquesContribute to design and evaluate feature extraction techniques and machine learning modelsContribute to optimize solutions aiming at constrained devicesRequirementsCurrently enrolled in Computer Science, Computer Engineering, Mathematics, Statistics or related areas in top tier universitiesProactivityStrong verbal and written communication skillsAdvanced level of English Items That Will Be Considered As a PlusKnowledge and skills in Machine Learning techniques and fundamentalsKnowledge in Signal Processing techniquesExperience with sensor data and time-series dataSkills in probability, statistics, experiment design and evaluationGood programming skills, specially in Python and C/C++Experience in coding competitions (e.g., Maratona de Programação)Experience in participating on undergraduate research projectsPublications in conferences and journalsOpportunity in Campinas/SPSkills And QualificationsConfidential and proprietary information obtained by you during your employment history in other companies must be maintained as such (confidential & proprietary) throughout the selection process, not in any event, be opened or shared with the interviewers.  Please visit Samsung membership to see Privacy Policy, which defaults according to your location. You can change Country/Language at the bottom of the page. If you are European Economic Resident, please click here. 
4; A Minsait, uma empresa do grupo Indra Company é a maior empresa espanhola de Transformação Digital, presente em mais de 100 países e há quase 30 anos no Brasil. Combinamos nossa experiência em cloud, segurança, payments e phygital com a tecnologia mais inovadora para impulsionar nossos negócios, gerando um impacto positivo na sociedade.Somos aproximadamente 50k Minsaiters no Mundo e mais de 8k Minsaiters no Brasil. Nossa estrutura permite participar de projetos globais e proporciona um ambiente colaborativo que nos certifica em GreatPlacesToWork e planos diferenciados para Jovens Profisionais também reconhecidos pela Employers for Youth.Nosso objetivo é liderar uma revolução tecnológica mais sustentável. Venha ser um Minsaiter!RESPONSABILIDADES E ATRIBUIÇÕESEstamos em busca de analista de dados pleno para analisar grandes quantidades de informações brutas e encontrar padrões que ajudarão a melhorar nossos projetos! Contaremos com você para criar produtos de dados que extraiam informações valiosas de negócios.Nesta função, você deve ser altamente analítico, com habilidade para análise e estatística. Ter pensamento crítico e habilidades para resolução de problemas são essenciais à interpretação de dados. Também queremos alguém que tenha paixão por manipulação de dados.Seu objetivo será ajudar nossa empresa a analisar tendências para tomar melhores decisões.Suas responsabilidades serão:Conduzir estudos da área de autorização utilizando ferramentas estatísticas, modelagem, manipulação de dados e transformações de bases.Avaliar os dados gerados para que estejam em linha com a visão do negócio.Analisar dados de diversas bases.Gerador de iniciativas de melhorias e cases de sucesso. REQUISITOS E QUALIFICAÇÕESFormação superior Ciências da Computação,Engenharia ou áreas correlatas.Experiência comprovada no entorno de Dados.Experiência obrigatória com Análise de KPI, Phyton ou R.Experiências com estudos e manipulação de dados.Possuir conhecimentos estatísticos e programação em SAS.Experiência usando mente analítica e visão de negócios, com fortes habilidades como estatística e aptidão para resolver problemas.Excelentes habilidades de comunicação.Desejável estudos em Ciência de Dados ou outro campo quantitativo.Desejável conhecimento com SQL, Teradata, Power BI, Python e outras ferramentas estatísticas.Certificações Desejáveis:Profissional Programador SASDesejável certificação PL-300 Power BIDesejável certificação SQLINFORMAÇÕES ADICIONAISContratação CLTModelo de Trabalho Híbrido na região de Osasco/SPPlano de Saúde subsidiado pela empresa para o titular (com coparticipação)Opção de inclusão de dependentes no Plano de Saúde com desconto em folha e valor reduzido (com coparticipação)Assistência OdontológicaAssistência Odontológica para os dependentesVale Refeição ou AlimentaçãoGympass (Acesso a mais de 700 academias em todo o Brasil com planos a partir de R$ 29,90 descontado em folha de pagamento)Opção de inclusão de dependentes no Gympass (até 03 dependentes - pago via cartão de crédito)Parcerias com grandes marcas de consumoConvênios para descontos com instituições de ensino (graduação e pós-graduação) e escola de idiomasSeguro de vida em grupoCONHEÇA A MINSAITEstamos presentes em mais de 140 países, desenvolvendo projetos inovadores e fornecendo soluções tecnológicas que impactam positivamente os negócios, a sociedade e o planeta.Há mais 25 anos no Brasil, somos reconhecidos por oferecer um ambiente estimulante, aprendizado contínuo, oportunidades de crescimento e mobilidade nacional e internacional para nossos talentos.Nossos mais de 8.000 profissionais espalhados de norte a sul do país, atestam nossa cultura de respeito, diversidades e inclusiva.Por meio da nossa empresa de transformação digital e tecnologia da informação, a Minsait, atua nas operações críticas dos nossos clientes, aportando tecnologias disruptivas e serviços especializados.Junte-se à nós! 
5; Upwork ($UPWK) is the leading tech solution for companies looking to hire the best talent, maintain flexibility, and get more done. We’re passionate about our mission to create economic opportunities, so people have better lives. Every year, more than $2 billion of work is done through Upwork by skilled professionals who want the freedom of working anytime, anywhere. Top companies connecting with extraordinary talent around the globe? Upwork is how.This position is through Upwork’s Talent Innovation Program (TIP). Our TIP team is a global group of professionals that augment Upwork’s business. Our TIP team members are located all over the world.This is a long-term contract position.Are you an experienced Automation Engineer who is up to the challenge of testing cutting-edge, large-scale web services that power a platform used by millions of freelancers and their clients around the world every day? Do you relish finding tricky bugs by using software unconventionally? Do you love identifying potential issues during planning new features before anyone else, on a product that is growing quickly? Are you accurate enough to cover all possible use cases with auto-tests that are robust in a multi-services environment? If so, we’d love to hear from you.Upwork is looking for a passionate, proactive, creative, rock star automation engineer whose range of responsibilities would be reviewing new features, figuring out test cases both happy paths and edge cases, and participating through the entire life cycle of the feature.Please note the following:This a job to work for Upwork, not via Upwork You'll have the opportunity to learn about our platform, be mentored by our senior engineer on our automation framework, and be integrated and working on multiple different teams and projectsWork hours: at least 2-3 hours should be overlapped with our team in the central office (8-11 AM PST) a few times a week.Your responsibilities:Test web application on desktop as well as on mobile devicesWork in geographically distributed teams by the Agile methodologyCompose, automate and execute test cases according to product requirementsAbility to learn quickly in a dynamic environmentGood reading, writing, and verbal English communication skillsClear and succinct bugs reportingEffective group communicationBe able to allocate not less than 40 hours/weekRequired Skills:Experience with test automation. Ruby preferably, but if you know another programming language and are ready to learn/switch to Ruby, it works as wellBasic SQL skillsTools:Selenium WebDriverGitTechnologies:Page Object Design in UI automation testingRESTful APIBug reporting tools:JiraExperienced to work in OSs:WindowsUnix/Linux Upwork is proudly committed to fostering a diverse and inclusive workforce. We never discriminate based on race, religion, color, national origin, gender (including pregnancy, childbirth, or related medical condition), sexual orientation, gender identity, gender expression, age, status as a protected veteran, status as an individual with a disability, or other applicable legally protected characteristics.Please note that due to the high volume of candidates, we will be able to get back only to those applicants who match the requirements of the position. 
6;"                   Hello!!We are thrilled to have you here!!!We are growing and we would love to have you in our company but it´s fair to say we´ll have great people in the right places as soon as we have an open spot!Our open positions on the website are a talent pool vacancies and we´ll reach out whenever we get an opening that fits better for you!So please, apply for the best opportunity you have and in the right moment, we´ll be in touch!!About UsAB InBev is the leading global brewer and one of the world’s top 5 consumer product companies. With over 500 beer brands, we’re number one or two in many of the world’s top beer markets, including North America, Latin America, Europe, Asia, and Africa.About ABI Growth GroupABI’s Growth Division is the center of innovation and tech development within ABI, which is driving ABI’s growth by developing innovations for the core beer business and creating new hyper-growth tech businesses.ABI Growth includes the following business lines: BEES (our business-to-business e-commerce and SaaS business, also focused on new technologies), TaDa and Ze Delivery (our direct-to-consumer e-commerce businesses), and several other high-tech divisions, including fintech and venture capital.What you'll do:As a data scientist on the team your role will be to build new and/or manage existing data pipes from the several markets around the world to ensure we have quality data feeds.Then build on top of this a robust information hub that serves as the default information source to all role players in the BEES hub and markets where we operate.You will also be expected to wrangle data and run aggregate and/or client level analyses to deliver against the team objectives stated above. These analyses will range from simpler statistical methods to more complicated machine learning methods depending on the application.On any given day, your role spans doing a high-level presentation to a senior executive to get buy-in to flying to our markets around the world to look for the insight behind the data. You will be at the forefront of our journey towards transforming our traditional operations into a digital, data driven business.About You A self-starter who can lead multiple strategic projects, manage priorities and deliver results in a fast-paced environment  Lead from the front – not afraid to get hands dirty in troubleshooting a data problem or chasing a modeling issue through resolution  A creative thinker – enjoys challenges and has a passion for solving complex problems and generating multi-functional solutions  Have strong communication skills - able to clearly understand business objectives and translate them to an end to end data science and/or analytics plan  Have experience working with both highly technical and non-technical profiles on a day-to-day basis  Experience working with/within revenue growth management team at a large CPG/Retail company; or relevant experience serving such clients in consulting; or experience working in a central analytics/data science role within a large enterprise and international environment or a product-driven venture-backed tech company a plus Desired Qualifications  BA/BS degree in a quantitative field (Computer Science, Math, Physics, Statistics, Operations Research, or similar technical field), MS/PhD a plus  2+ years of work experience a plus  Technical Skills Programming skills in Python, Tensorflow, PyTorch, PySpark or similar language  Experience working with analytics packages (numpy, scipy pandas, sklearn, mllib)  Experience programming in SQL  Experience with data visualization tools (PowerBI, Retool)  Foundational understanding of, and experience applying classical machine learning techniques (supervised, unsupervised) to noisy data  Knowledge of distributed computational platforms (Databricks, PySpark) a plus  Knowledge of deep learning and reinforcement learning a plus  Experience with: Working with the Data Engineering team to scope out upstream and downstream data and pipeline requirements to maintain model  Managing and optimizing a full end-to-end model pipeline  Defining and implementing the right experiments to identify whether models are driving business value You will Take ownership of understanding the business and operational problems at hand and how to best solve them through a data-driven approach  Create and maintain your own algorithms  Work fluidly across ABI’s global and local teams and functions (sales, finance, marketing, product, IT, etc.) to make data-driven initiatives successful in an efficient way  Prioritize and find the most efficient path towards solving complex, ambiguous business problems with data, keeping a mindset of simplicity, robustness and speed above all What We Offer:Performance based bonus*Fourteen annual salaries* Private pension planMeal AllowanceCasual office and dress codeDays off*Health, dental, and life insuranceMedicines discountsGympass partnershipZenklub partnershipChildcare subsidiesDiscounts on Ambev products*Newvalue partnershipScholarship*School materials assuranceLanguage and training platformsTransport allowanceRules appliedEqual Opportunity & Affirmative Action:Bees is proud to be an Equal Opportunity and Affirmative Action employer. We do not discriminate based upon of race, color, national origin, gender, gender identity, sexual orientation, protected veteran status, disability, age, or other applicable legally protected characteristics.The following fields are optional, but anticipate the information for your registration*.Remember: your data will never be used as elimination criteria in selection processes. With them, Bees is able to analyze diversity and reduce biases in selection processes. We want to contribute to changing this reality by being an inclusive company.For more information: www.bees.com "
7;" Lean Tech is a fast-growing company located in Medellín, Colombia. We currently have one of the most prominent networks within the entertainment, financial, and logistics industries. Our corporate projections represent hundreds of opportunities for our professionals to grow and boost their careers. Working with us means collaborating with large engineering teams across Latin America and the United States. We are currently looking for an experienced, dynamic, and highly motivated Data EngineerThe Data Engineer provides primary support of Global Data Services storage infrastructure for reporting data bases, data warehouse, and incoming ETL pipeline. Also provides strategic support in managing and scaling the common data model to match with new business integrations and internal analytics needs. Will be responsible for defining and enforcing best practices for ingestion and storage of organizational data. Your Duties as a Lean Tech Warrior:Identify the right lines of questioning for solving business challengesCreate strong ecosystem of organized and analytics ready dataLead complex projects using wide breadth of data ingestion and storage toolsDesign and implement scalable data models for reporting and analyticsWork closely with software engineers and architects to extract, transform and standardize data for optimal use for analytic tools Work with Data Engineering and Application Devs to incorporate data best practicesEstablish strong relationships with all stakeholders and ensure work is prioritized according to business need and opportunityProvide peer leadership to Junior team members.  Why We’ll Love You:Bachelor's Degree in Data Analytics, Computer Information Systems, Business or a closely related field 5+ years of experience with operational databases and report optimized data warehouses Experience in developing new data pipelines and optimizing existing pipelines Expert SQL understanding (Oracle and Microsoft)Proven track record in designing logical data modelsDatabase documentation skillsExcellent problem solving skillsAbility to communicate strategy and align external needs to departmental goalsStrong analytical and operational backgroundAbility to work independently and with team members from different backgroundsExcellent attention to detail We are more than a company; we are warriors working daily to change the world through technology. "
8;"                   Atuar como Cientista de Dados em cliente do ramo Financeiro.AWS;Jupiter notebook;Python;Scala;Databricks;Docker.Diferencial:Power BI;Liderança de times;Vivência com estruturação de novos processos;Vivência na área financeira.Somos a 5ª melhor empresa para trabalhar do Brasil e 4ª melhor empresa para trabalhar no Rio Grande do Sul, segundo o GPTW 2022;Todas as nossas pessoas profissionais que estão alocadas em clientes e/ou projetos são acompanhadas por Gestor da DBC e também por Líder de Smartsourcing;98% das nossas operações atuam em home office;A DBC oferece incentivo a certificações e universidade corporativa através de acesso full ao Linkedin Learning concedido a 100% das pessoas colaboradoras.Nosso time promove um ambiente seguro para todas as pessoas profissionais independente de sua etnia, crença religiosa, orientação sexual, identidade de gênero, deficiência, idade etc.;Oportunidade 100% home office. "
9;" req38739 - DATA SCIENTIST I - 4852 - IDSobre o BradescoAcreditamos que é possível desafiar o futuro com pessoas e tecnologia, e reconhecemos nas pessoas, especialmente, um dos mais importantes motivos de nosso sucesso. Assim, proporcionamos aos nossos colaboradores um ambiente seguro, diverso e inclusivo, que inspira confiança, promove e estimula o desenvolvimento pessoal e profissional.Trazendo um pouco mais da nossa história de contribuição e impacto na sociedade, com pioneirismo e inovação, o Bradesco surgiu com o propósito de democratizar o acesso aos serviços bancários no Brasil. Nesses 79 anos, sempre ao lado dos brasileiros, nos tornamos uma das maiores Organizações do país, formada por empresas e fundações que oferecem produtos e serviços que vão de soluções financeiras a seguros, saúde e educação.E estamos sempre em busca de pessoas dispostas a fazer a diferença na vida de milhões de brasileiros, contribuindo para o desenvolvimento da sociedade.Banco Bradesco | IDPrincipais atividades Propor soluções completas de inteligência analítica, através de análises descritivas e/ou diagnósticas que identificam correlações, tendências e insights ocultos, utilizando machine learning e outras ferramentas; Experimentar novas tecnologias, técnicas e fontes de dados para desenvolver Algoritmos e dessa forma endereçar problemas ou levantar oportunidades para o negócio.Formação Ensino superior em andamento ou completo em Ciência de Dados, Ciências Atuariais ou Contábeis, Matemática, Estatística, Economia, Física, Engenharia ou Computação. Conhecimentos necessários Conhecimento básico em ferramenta de Big Data (ex: DataBricks, Spark, Hive, Hbase); Conhecimento em ferramenta de BI (ex: Power BI, Tableau, Microstrategy).Conhecimentos desejáveis Inglês intermediário.O que nós oferecemosRemuneração -> Aderente às melhores práticas de mercadoPLR (Participação nos Lucros e Resultados) -> Aderente às melhores práticas de mercado*Saúde -> Plano de saúde, odontológico e seguro de vida, além de descontos em farmácias.Auxílios -> Refeição, alimentação e transporte.Previdência –> Plano opcional e exclusivo para funcionários, com participação financeira da Organização Bradesco.Bem-estar -> O programa interno Viva Bem Bradesco conta com diversas iniciativas para prevenção de doenças e promoção de hábitos, atitudes e comportamentos saudáveis, além de oferecer orientação e aconselhamento para resolução de problemas pessoais, familiares, legais e financeiros.Capacitação -> Por meio da Universidade Corporativa Bradesco, a Unibrad, investimos no aprendizado pessoal e profissional do nosso time, promovendo soluções de aprendizagem e parcerias com instituições de ensino.Isenção de tarifas –> Cesta de serviços bancários exclusiva, com descontos e condições especiais em diversos produtos e serviços da Organização Bradesco.Mães, Pais e Filhos -> Auxílio creche/babá, licença paternidade e licença maternidade estendida, além de acompanhamento assistencial da gestação até o pós-parto.Disponibilidade da vagaVaga disponível até 13/01/2023.Saiba mais sobre o BradescoPara mais informações sobre as nossas práticas de gestão de pessoas e indicadores, acesse bradescori.com.br/o-bradesco/capital-humano/.Para mais informações institucionais, de negócios e financeiras, além das práticas e iniciativas de sustentabilidade, acesse bradescori.com.br/o-bradesco/relatorio-integrado/. "
10; What role will you play? We have lots of ideas about how to successfully drive digitalization in companies. For example, with open cloud platforms, highly developed security systems, precise analytics algorithms, and clever tools for developers. What is your role in this? Move the world from behind the scenes with your IT expertise and passion for game-changing information technology. Rethink IT and steer projects in completely new directions. Be bold when others would have given up and lead one of Siemens’ key data delivery teams within the domain of “Factory Data” to bring value to our business by developing and deploying next gen solutions for the Factory Data Cloud.As the Cloud Data Analyst you develop cloud solutions and data models on Snowflake for our customers from the domain across multiple locations to drive the Siemens’ digitalization.You will be responsible for:Supporting the data factory team to leverage enterprise data solutions and drive business valueMining and analyzing data to drive efficiency and optimization, develop custom data models and algorithms, and develop processes and tools to monitor production systems and data accuracyIdentifying, creating, preparing data required for modern BI solutions using new cloud technologiesInteracting with clients, providing cloud support, and make recommendations based on client needsWe are looking for: Experience as Cloud Data Analyst or similar roleExperience with Data Warehousing and Dimensional Data ModelingProficiency in SQLExperience with ETL/ELT processesPrior experience with Snowflake cloud based data warehouseYou have a good understanding and experience in cloud technologies(AWS Preferred)Experience with Version control tools such as Git, GitLabAbility to understand technical concepts and turn them into business termsExperience working with international teamsExcellent communication and mediation skillsBusiness fluent English language skills (written and spoken)Bonus Qualifications:Experience with Financials and Sales data modelsExperience in visualization technologies (e.g. Qlik, Tableau, PowerBI)Experience with scripting languages (Python,R,Java)Experience with data transformation tool dbtExperience in agile methodologies (e.g. SCRUM)#Siemens #ITMakesUsMove Siemens is committed to creating a diverse environment and is glad to be an equal opportunity employer. We strongly encourage applications from a diverse talent pool!Organization: Information TechnologyCompany: Siemens S.A.Experience Level: Mid-level ProfessionalFull / Part time: Full-time 
11;" Quem Somos:A Marketdata, empresa do grupo VMLY&R que faz parte da WPP (grupo mundial de agências que opera transformações em seus mercados locais e internacionais através da aplicação prática de soluções criativas), é uma das maiores consultorias de Data Driven Marketing da América Latina.Detentora de inúmeros prêmios internacionais e também eleita por 10 vezes a Agência do Ano pela Associação Brasileira de Marketing de Dados, possui uma história de 22 anos de sucesso pautada em inovação, tecnologia e análise profunda de dados.Somos uma empresa que valoriza as relações humanas, a diversidade, criatividade e toda e qualquer construção colaborativa.Venha ser Marketdata! =)CIENTISTA DE DADOS:Principais Desafios:Elaborar modelos estatísticos e de machine learning, trazendo valor consultivo.Compreender as demandas de análise, de acordo com as orientações fornecidas pelo supervisor direto ou cliente; Elaborar análises de dados, estudos investigativos e modelos preditivos, exercendo o senso crítico acerca dos resultados; Interpretar os resultados de todas as suas análises segundo o racional de negócio.Requisitos:Superior completo em Estatística.Inglês avançado.Experiência com análises de Regressão Logística, Árvore de Decisão, Gradient Boosting, Random Forest, Análise de Cluster, manipulação de dados.Conhecimento avançado em R e/ou Python.Modelo de trabalho: HíbridoO que oferecemos:. Vale Refeição (inclusive no mês das férias)· Vale Transporte· Assistência Médica· Assistência Odontológica· Seguro de Vida· Auxílio Creche. PLR· Auxílio Educacional. Marketdata Academy (Treinamentos mensais à disposição dos colaboradores). Parcerias com diversas instituições de ensino. Convênio com Cinemark. Programa interno de orientação psicológica, financeira e jurídica. Happy Day (day off no dia do aniversário)· Gympass. Ginástica Laboral. Banco de Horas "
12; Sobre o Picpay:O crescimento expressivo do PicPay também é fruto da nossa diversificação de portfólio. Atualmente, nossas unidades de negócio estão estruturadas em uma plataforma única de produtos e serviços que possibilitam oferecer a melhor experiência aos nossos clientes.Sobre a vaga:Buscamos uma pessoa com experiência com modelagem de crédito para nosso time de cientistas de dados responsáveis pelos modelos de crédito e cobrança do Picpay.Se você é uma pessoa analítica, organizada, comunicativa, com muita energia, facilidade de lidar com números e apaixonado por resolver problemas de negócio através de dados, essa vaga é para você!Responsabilidades e AtribuiçõesModelos de Machine Learning e/ou Deep LearningPlataformas de Machine Learning e ferramentas de análise de dadosForte habilidade de comunicação para interação com stakeholdersTer habilidades estratégicas e de resolução de problemasForte capacidade analítica com experiência em modelagem dados e análisesRequisitos e Qualificações Experiência em modelagem de Crédito e Cobrança: Modelos de application score, behavior score, collection score.Formação mais experiência em Estatística, Engenharia, Ciência da Computação ou Economia - Mestrado é um diferencial!Conhecimentos avançados em Probabilidade e EstatísticaExperiência em desenvolvimento de modelos de Machine Learning para CréditoConhecimentos avançados em R e Python/Pandas - Pyspark é um diferencial!Excelente comunicação oral e escrita#VemserPicpayLover #PicpaySobre o Picpay:O crescimento expressivo do PicPay também é fruto da nossa diversificação de portfólio. Atualmente, nossas unidades de negócio estão estruturadas em uma plataforma única de produtos e serviços que possibilitam oferecer a melhor experiência aos nossos clientes.Sobre a vaga:Buscamos uma pessoa com experiência com modelagem de crédito para nosso time de cientistas de dados responsáveis pelos modelos de crédito e cobrança do Picpay.Se você é uma pessoa analítica, organizada, comunicativa, com muita energia, facilidade de lidar com números e apaixonado por resolver problemas de negócio através de dados, essa vaga é para você!Responsabilidades e AtribuiçõesModelos de Machine Learning e/ou Deep LearningPlataformas de Machine Learning e ferramentas de análise de dadosForte habilidade de comunicação para interação com stakeholdersTer habilidades estratégicas e de resolução de problemasForte capacidade analítica com experiência em modelagem dados e análisesRequisitos e Qualificações Experiência em modelagem de Crédito e Cobrança: Modelos de application score, behavior score, collection score.Formação mais experiência em Estatística, Engenharia, Ciência da Computação ou Economia - Mestrado é um diferencial!Conhecimentos avançados em Probabilidade e EstatísticaExperiência em desenvolvimento de modelos de Machine Learning para CréditoConhecimentos avançados em R e Python/Pandas - Pyspark é um diferencial!Excelente comunicação oral e escrita#VemserPicpayLover #Picpay 
13;" About The RoleThe solution engineer is an experienced professional who supports the VTEX Sales team and has a strong relationship with the development, keeping up-to-date with the platform’s potential. The solution engineer helps the sales team to highlight the main business benefits to prospecting customers, making DEMO, and POC and showing the main features of VTEX. Multifunctional skills such as sales planning and understanding the needs of our partners are expected of solution engineers.ABOUT THE TEAMThe Sales Solution Engineer team is the support and engine of the VTEX Sales Team. The team seeks to guide and find scalable solutions for our potential customers. The team is trained and prepared to define the project scope, and technical proposal to reinforce the Sales team approach.Who You AreYou have experience in developing working relationships across all levels of management, internally and externally;You have experience in pre-selling or selling ecommerce solutions and technical knowledge for platform and integration models via API;Basic knowledge of HTML, CSS, Javascript and Internet related technologies;You can work multi-functionally with colleagues and managers, internally and externally;You can translate complexity into action plans and communications;You translate the customers’ needs into business and architectural solutions;You have a tech & math mindset, providing simple solutions to complex problems;You have advanced English knowledge (preferred);Holding the CMX title, issued by the Commerce Management Certification is a plus. For more information, visit commercecertification.com  About VTEXVTEX (NYSE: VTEX) is the enterprise digital commerce platform where global brands and retailers run their world of commerce. VTEX is trusted by more than 2,400 customers, such as AbInbev, Carrefour, Colgate, Motorola and Whirlpool, with over 3,200 active online stores across 38 countries*.Founded in the year 2000, VTEX has a history of being unstoppable. Completely against the odds, VTEX is leading a high-tech industry and positioned above market giants. We are building an extraordinary future with more than 1,700 employees scattered across 18 locations in 12 countries in Latin America, North America, Europe, and Asia.At VTEX, you will work in a challenge-driven environment and collaborate with amazing peers. If you are powerful individually, join us, and we will be unstoppable together.as of FY ended on December 31st, 2021BENEFITSCompetitive compensationProfit-sharingFlexible work scheduleFood voucher (Flash)Health, dental and life insuranceChild care assistanceExtended parental leavesGympass partnership (access to 2700+ gyms)Language scholarship: 65% subsidies in English, Spanish and Portuguese coursesFree shipping on 1000+ VTEX stores46465700044646570004 You don't have to meet all the job requirements! If you believe you can do the job and are a good match, we encourage you to apply. "
14;" Line of ServiceAssuranceIndustry/SectorNot ApplicableSpecialismAssuranceManagement LevelAssociateJob Description & SummaryA career within External Audit services, will provide you with the opportunity to provide a range of Assurance services and business advice to a variety of clients from small, fast growing clients to large entities. Our clients are often well known brands and many have broad international reach. We focus on using the latest technology to reduce the level of manual testing ensuring you’ll focus on the most valuable areas of client service and on enhancing corporate governance and the reliability of our clients’ information.To really stand out and make us fit for the future in a constantly changing world, each and every one of us at PwC needs to be a purpose-led and values-driven leader at every level. To help us achieve this we have the PwC Professional; our global leadership development framework. It gives us a single set of expectations across our lines, geographies and career paths, and provides transparency on the skills we need as individuals to be successful and progress in our careers, now and in the future.ResponsibilitiesPwC Professional skills and responsibilities for this management level include but are not limited toAs an Associate, you'll work as part of a team of problem solvers, helping to solve complex business issues from strategy to execution.Invite and give in the moment feedback in a constructive manner.Share and collaborate effectively with others.Identify and make suggestions for improvements when problems and/or opportunities arise.Handle, manipulate and analyse data and information responsibly.Follow risk management and compliance procedures.Keep up-to-date with developments in area of specialism.Communicate confidently in a clear, concise and articulate manner - verbally and in the materials I produce.Build and maintain an internal and external network.Seek opportunities to learn about how PwC works as a global network of firms.Uphold the firm's code of ethics and business conduct.Education (if blank, degree and/or field of study not specified)Degrees/Field Of Study RequiredDegrees/Field of Study preferred:Certifications (if blank, certifications not specified)Required SkillsOptional SkillsDesired Languages (If blank, desired languages not specified)Travel RequirementsNot SpecifiedAvailable for Work Visa Sponsorship?NoGovernment Clearance Required?NoJob Posting End Datejunho 30, 2023 "
15;" Responsibilities TikTok is the leading destination for short-form mobile video. Our mission is to inspire creativity and bring joy. TikTok has global offices including Los Angeles, New York, Austin, Sao Paulo, London, Dublin, Paris, Berlin, Dubai, Mumbai, Singapore, Jakarta, Seoul, and Tokyo.Why Join UsAt TikTok, our people are humble, intelligent, compassionate and creative. We create to inspire - for you, for us, and for more than 1 billion users on our platform. We lead with curiosity and aim for the highest, never shying away from taking calculated risks and embracing ambiguity as it comes. Here, the opportunities are limitless for those who dare to pursue bold ideas that exist just beyond the boundary of possibility. Join us and make impact happen with a career at TikTok.The commerce industry has seen tremendous growth in recent years and has become a hotly contested space amongst leading Internet companies, and its future growth cannot be underestimated. With millions of loyal users globally, we believe TikTok is an ideal platform to deliver a brand new and better commerce experience to our users. We are looking for passionate and talented people to join our product and operations team. Together we can build an e-commerce ecosystem that is innovative, secure and intuitive for our users.Responsibilities: • Design end-to-end solutions to e-commerce operation problems such as merchant growth, creator growth, precision marketing etc.• Develop ML models to find potential creators, measuring LTV of users, etc.• Cooperate with PM/Ops/R&D team to conduct opportunity sizing, set up and analyze A/B tests, and bring about the improvement of system efficiency and the growth of business. Qualifications Qualifications• Bachelor degree or above, majoring in mathematics, statistics, computer science is preferred.• Proficient in SQL, tableau and familiar with Python or R for modelling project. • At least 3 years of working experience in data science, machine learning, etc, and have a good business sense in e-commerce.• Self-driven, be able to work with cross-functional teams. - Global working experience or analytical experience is preferred;- Written and verbal English skills are required for daily communications with global teams;TikTok is committed to creating an inclusive space where employees are valued for their skills, experiences, and unique perspectives. Our platform connects people from across the globe and so does our workplace. At TikTok, our mission is to inspire creativity and bring joy. To achieve that goal, we are committed to celebrating our diverse voices and to creating an environment that reflects the many communities we reach. We are passionate about this and hope you are too.TikTok is committed to providing reasonable accommodations during our recruitment process. If you need assistance or an accommodation, please reach out to us at USRC@tiktok.com "
16;                   FullStack Labs is the fastest-growing software consultancy in the Americas. We help organizations like Uber, GoDaddy, MGM, Siemens, Stanford University, and the State of California, build distributed software development teams, and deliver transformational digital solutions. As an employee-first company, we focus on hiring the most talented software designers and developers in the western hemisphere, by creating a positive, respectful, and supportive work environment where they can achieve their greatest potential.We’re most proud of:Offering life-changing career opportunities to talented software professionals across the Americas.Building highly-skilled software development teams for hundreds of the world’s greatest companies.Having delivered hundreds of successful custom software solutions, which have positively impacted the lives and careers of millions of users.Our 4.7-star rating on GlassDoor.Our client Net Promoter Score of 64, twice the industry average.Sustained growth of 100% - 200% per year.The position:We're looking to hire a Data Engineer with Python experience to join our team. You'll work with our incredible clients in one of two ways:Team Augmentation: You will integrate yourself directly into our client's team and work alongside their existing designers and engineers on a daily basis.Design & Build: You will work on a FullStack Labs product team to build and deliver a product to our clients.What we are looking for: 3+ years of professional software development experience.Advanced English is required.A four-year college degree is required.Meaningful experience working with Python, Snowflake, ETL, and Tableau.Ability to take extreme ownership over your work. Every day is a challenge to ensure you are performing to the expectations you and your team have agreed upon.Ability to identify with the goals of FullStack's clients, and dedicate yourself to delivering on the commitments you and your team make to them.An understanding of best practices and a commitment to following them.Ability to work through new and difficult issues and contribute to libraries as needed.A positive mindset and can-do attitude.Forensic attention to detail.Benefits:Competitive pay in your local currency.100% remote work.The ability to work with leading startups and Fortune 500 companies.English Classes.Virtual company events each month.Ample opportunity for career advancement.Continuing education opportunities.Depending on your location other benefits may apply.FullStack Labs is proud to be an equal opportunity workplace. We are committed to equal employment opportunity regardless of race, color, ancestry, religion, sex, national origin, sexual orientation, age, citizenship, marital status, disability, gender identity, or Veteran status. If you have a disability or special need that requires accommodation, please let us know by completing our Accommodations for Applicants form, which can be provided upon request during our hiring and interview process.Learn more about our Applicants Privacy Notice . 
17;" Sobre o GetNinjasSomos o maior aplicativo de contratação de serviços da América Latina. Conectamos profissionais de todo o Brasil e México com pessoas que precisam do serviço, atendendo com qualidade, facilidade e rapidez todos os tipos de necessidade.Na missão da vez, nosso clã de Data está em busca de uma pessoa para transformar dados em insights para promover o crescimento da empresa e direcionar algumas áreas de negócios. Irá fazer o acompanhamento dos indicadores da companhia, trazer a melhor visualização desses dados e tirar conclusões e melhorias sobre os dados. Atuação ativa e próxima a todos os times de maneira transversal. E aí, te interessa essa missão? Então, confira mais detalhes dela aqui abaixo:Esta será a sua missão: Atender/receber demandas dos times de negócios, reportar prazos, processos e entregáveis;Alinhamento das demandas com stakeholders, saber questionar, propor soluções e correlacionar com os objetivos da companhia;Criar visualizações de dados ou a melhor disponibilidade da informação para a área solicitante;Saber manipular grande volume de dados e traduzir em apresentações/dashboards;Executar análises de relatório, levantar melhorias e oportunidades de negócio;Fazer reportes mensais dos KPIs e acompanhar a evolução dos indicadores do negócio;Documentar as análises realizadas a fim da democratização dos dados para a empresa;Realizar análises envolvendo o mercado externo, indicadores da economia e explorar oportunidades de expansão do negócio;Alinhamento com engenheiros de dados sobre necessidades e evoluções da área;Contribuir com a manutenção da governança de dados da empresa;Estamos buscando alguém que tenha habilidades ninjas, como: Domínio amplo do ferramental e práticas de Data (SQL, ferramentas de visualização [Tableau e Metabase], conhecimento de estatística, significância);Desejável familiaridade com ferramentas de gerenciamento e documentação da empresa (Jira, Notion, Github, etc.);Capacidade analítica e lógicaBom conhecimento de negócio e entendimento de produtos digitais, mercado de tech;Ter trabalhado com grande volume de dadosFazer benchmarks e indicadores externos e da economiaBoa capacidade de comunicação, para dialogar com stakeholders técnicos e não técnicos;Disponibilidade em atuar em modelo híbrido 2x na semana em Pinheiros/SP.Mas será um diferencial se você tiver:Desejável conhecimento em alguma linguagem de programação - Python ou R;InglêsAqui no GetNinjas nós acreditamos na importância da Diversidade e em como clãs diversos e inclusivos conseguem trazer diferentes perspectivas, criar as melhores soluções e agregar ainda mais valor para nossa missão: conectar quem precisa com quem saber fazer!Por isso, por aqui oferecemos a mesma oportunidade para todos, independente de etnias, crença, gêneros e para toda forma de amor. Hoje, dentro do nosso time, 52% se identificam como mulheres, 10% como pretos, 20% como pardos e 25% como LGBTQI+. Mas, estamos trabalhando para tornar o GetNinjas ainda mais diverso e incluso, então se você quer fazer a diferença e nos ajudar a construir e a transformar #UmMilhãodeHistórias, estamos de braços abertos para te receber! "
18;" O Grupo Petrópolis é a única grande cervejaria com capital 100% nacional.É dono das marcas de cerveja Itaipava, Crystal, Lokal, Black Princess, Petra e Weltenburger, dos energéticos TNT Energy Drink e Magneto, do isotônico Ironage, da vodka Nordka e da água Petra.Com sete fábricas em operação, o Grupo é responsável pela geração e manutenção de quase 26 mil empregos diretos. Além disso, patrocina atletas brasileiros profissionais e amadores e promove ações ambientais por meio do Projeto AMA.Valorizamos a diversidade e oferecemos oportunidades iguais a todos. Em nossos processos seletivos consideramos pessoas com deficiênciaAtividades: • Atuar na análise de requisitos funcionais e técnicos, documentação e desenvolvimento de soluções em BI;• Elaborar modelos estatísticos e de machine learning;• Atuar com pipeline de dados;• Compreender as demandas de análise, de acordo com as orientações das áreas de negócio;• Elaborar análises de dados, estudos investigativos e modelos preditivos e prescritivos, exercendo o senso crítico acerca dos resultados; • Interpretar os resultados de todas as suas análises segundo o racional de negócio;• Acompanhar os status das demandas e realizar follow-up dos planos de ação, garantindo a execução dos testes pelas áreas de negócio;• Facilitar discussões de requisitos, planejamento de produção e agendamento de processos de negócios.Requisitos:• Superior completo em TI, Ciências da Computação ou Análise de Sistemas;• Experiência em:- Python, SQL e ferramentas de pipeline de dados;- Modelagem de dados e modelos estatísticos;- Ferramenta de visualização de dados;•Experiência anterior como Cientista de Dados;•Diferencial - conhecimento em: DEVOPS e DATAOPS | AWS | SAP Data Services | Snowflake. "
19;" Prazer, somos a DOMVS iT! Nosso propósito é ser uma empresa reconhecida pelo desenvolvimento de talentos, com uma cultura ágil que entrega alto valor aos nossos colaboradores e clientes.O desafio nos impulsiona! Entregamos há quase 10 anos soluções tecnológicas inovadoras para diversos clientes ao redor do mundo. Temos escritórios físicos em 5 cidades e 2 países:São Paulo, São Carlos, Porto Alegre, Rio de Janeiro e LisboaBrasil e PortugalAqui a galera é livre para trabalhar de onde quiser ;) Nossos colaboradores estão espalhados pelo mundo todo! Nosso principal modelo de trabalho é o remoto, pois acreditamos que todo lugar pode ser lugar de trabalhar. Mas, se você faz parte do time que ama um contato mais próximo ou precisa atuar mais perto de sua equipe, temos também nossos escritórios que estão localizados em locais estratégicos, como na movimentada Avenida Paulista em São Paulo e na Capital Nacional da Tecnologia: São Carlos!Nossas pessoas se desenvolvem todo dia! Na DOMVS iT nossos colaboradores são protagonistas de suas carreiras e nós damos todo o suporte para que eles alcancem uma carreira de sucesso. Somos uma empresa Great Place to Work, recebemos um certificado como uma das Melhores Empresas para se Trabalhar no Brasil e temos muito orgulho de ter chegado até aqui! Temos pessoas trabalhando com a DOMVS iT em 72 cidades brasileiras e em 3 países! Conheça os nossos complementos para contratação PJ Auxílio home officeCurso de Inglês - professor nativoCertificações Google grátis e bônus para quem as tiraAqui você vai encontrar muita coisa bacana: Capacidade de trabalhar remotamente de qualquer lugar do mundoEstreita cooperação com a equipe de desenvolvimento e o clienteOportunidade de influenciar o desenvolvimento de produtosImpulsionar a marca profissional: você pode participar de conferências locais como ouvinte ou palestranteEdifícios de equipe regulares: divirta-se com colegas de equipeComunidades tecnológicas e não tecnológicas: apoiem e compartilhem experiências entre si Sobre a VagaData engineerRequisitos:5+ anos de experiência com dados; familiaridade com tecnologias e ferramentas associadas a bancos de dados relacionais (MS SQL/PostgreSQL ou equivalente) e data warehouses (Hadoop/Hive, Snowflake ou equivalente).Experiência com SSIS, SSRS, Tableau, PowerBIExperiência com SinapseExperiência com Azure:Azure SQL, Azure Synapse, ADLS, Blob Storage, ADF, Azure Stream AnalyticsSólida experiência no desenvolvimento de processos ETL complexos; isso deve incluir a definição de SLA, medições de desempenho e monitoramentoForte experiência em OO? ou programação funcional em Java, Python ou linguagens equivalentesExcelentes habilidades escritas e verbais na língua inglesaCapacidade de progredir em projetos de forma independente e entusiasmo para resolver problemas difíceisAntes de enviar seu currículo, fique atento à localização da vaga, bem como às habilidades e experiências solicitadas.Você é apaixonado por trabalhar com:Melhorias contínuas de arquitetura em uma startup em crescimentoDesenvolvendo novos recursosProjetando e implementando abordagens de arquitetura para novos componentes de infraestruturaMantendo a alta qualidade do produtoValores e princípios ágeisSua área de responsabilidade e crescimento:Crie soluções de armazenamento de dados com SQL Server e Data LakesDesenvolva pipelines ETL com o Azure Data Factory.Conhecimento intermediário ou melhor de T-SQLProjetar e implementar as soluções técnicas para projetos relacionados a dadosTrabalhar em estreita colaboração com o produto, negócios e outras equipes de engenharia para definir os requisitosSeja responsável pela qualidade do código e da documentação que você produziuForneça ativamente feedback sobre as melhores práticas e padrões de design para seus colegas na forma de revisões de design e revisões de códigoParticipar do processo de planejamento e estimativa e fornecer feedback sobre a maneira como a equipe está operando e como ela pode melhorarE ai quer fazer parte do nosso time?Temos oportunidades de atuação em projetos nacionais e internacionais.Tá dentro? 100% Remoto "
20;" No Mercado Livre estamos democratizando o comércio, o dinheiro e os pagamentos na América Latina. A tecnologia é a essência do nosso produto. Nossas equipes de desenvolvimento, arquitetura, banco de dados, user experience, cibersegurança e data & analytics cocriam e são responsáveis pela plataforma líder de e-commerce da América Latina e um dos sites de maior tráfego em todo o mundo. Em uma indústria que é reinventada todos os dias, nossas equipes são reconhecidas por sua visão e liderança. De aplicativos móveis até machine learning, nossa inovação tem um foco claro: simplificar a vida da pessoa que usa nossos produtos. Temos um desafio para as pessoas que: Vibram energia empreendedora: são movidas pela curiosidade, nunca desistem e estão focadas em superar seus próprios limites.Dão o máximo, porque adoram trabalhar com compromisso e dedicação.Encaram as mudanças como oportunidades e aprendem com seus erros.A excelência e a execução são primordiais na sua forma de fazer as coisas.Promovem o bom clima, a alegria e a diversão.Sabem como construir com outras pessoas e desfrutam trabalhando em equipe. Imagine você empreendendo projetos desafiadores, dinâmicos e inovadores, e sendo responsável por: Desenvolver, implementar e manter soluções nas áreas de ciência de dados ou aprendizagem automática.Participar de todas as fases do design dos produtos de alto impacto, analisando os requisitos e propondo as soluções, com foco em agregar valor às áreas técnicas e de negócios.Colaborar nas definições de arquitetura e escalabilidade dos nossos produtos.Identificar e propor as melhores práticas para o backend, participando da definição do projeto, da revisão do código, dos testes e da manutenção. Requisitos: Ter experiência no desenvolvimento e na implementação de soluções nas áreas de ciência de dados ou aprendizagem automática.Contar com conhecimentos de nível intermediário ou avançado do espanhol é imprescindível.Dominar tecnologias relacionadas com machine learning; bibliotecas de pilhas Python, como NumPy, Pandas, Scikit-Learn e Dask; estruturas de deep learning, como TensorFlow, Keras e PyTorch, e bases de dados relacionais e distribuídas, como SQL, BigQuery, Teradata, Hive e Presto. Nós lhe propomos: Ser parte de uma empresa com espírito empreendedor, na qual adoramos pensar grande e em longo prazo.Ser protagonista de seu desenvolvimento em um ambiente de oportunidades, aprendizagem, crescimento, expansão e projetos desafiadores. Compartilhar e aprender em equipe, com excelentes profissionais e especialistas.Um excelente clima de trabalho, com todo o necessário para você viver uma grande experiência. :)  No Mercado Livre, trabalhamos para promover uma cultura inclusiva, que busca a equidade e valoriza as diferentes perspectivas. Isso se traduz em Gênero, Religião, Pessoas com Deficiência, LGBTQ+, Etnia e diversidade de experiências. Trabalhamos todas as nossas vagas com base nessa premissa. Faça parte do nosso time! "
21;" Scope and Key ResponsibilitiesPrimarily provide support to more senior Data Scientists;Pulls data, cleans data, builds and maintains existing models;Participates in result presentation to internal stakeholders.Technical SkillBuilds competencies in relevant skills and software packages;Able to work with internal customers and stakeholders to run standard industry processes related to machine learning and/or statistical analyses using tools and technologies already in use to build or update solutions;Understands and utilizes typical data steps to prepare and process data for analysis;Proficient in coding using scripting languages used in Data Science like Python, SQL, and/or Java;Basic project management of small-scale analytics projects with overall planning and support from senior leaders;Understands and executes basic methods of the discipline, industry and domain.Soft SkillsCollaboration and Teamwork;Drives for Results;Learning Agility;Solves Problems and Analyses Issues;English (intermediary to advanced). "
22;" A SUA ENERGIA FAZ A CPFLInovamos para oferecer as melhores soluções aos nossos clientes e trabalhamos de maneira colaborativa para entregar os melhores resultados e alcançar a excelência em tudo o que fazemos. Geramos valor de forma sustentável, atuando sempre com responsabilidade social, integridade, transparência e segurança. Para nós, o desenvolvimento de colaboradoras e colaboradores caminha junto com o crescimento da CPFL.O Nosso Jeito de Ser valoriza a diversidade e respeita as diferenças, buscando a inclusão de pessoas plurais em nosso time: PcD, mulheres, LGBTQIAP+, pessoas negras e de diferentes gerações e nacionalidades. Dentro e fora da empresa, a nossa motivação é construir relacionamentos a longo prazo com cada profissional.Se você se identifica com os nossos valores e acredita que pode fazer a diferença para os nossos negócios, venha compartilhar a sua energia e crescer com a CPFL.Cargo: Analista de Data Analytics Sr (Cientista de Dados) - Vaga afirmativa para mulheres Onde você vai atuar: Campinas/SPEmpresa: CPFL PiratiningaPrincipais Atividades: Executar análise avançada de dados (advanced analytics/ data science) utilizando conceitos de big data, para gerar insights para as áreas de negócio do grupo CPFL;Atuar, orientar e supervisionar a validação dos dados, modelos e metodologias utilizadas, garantindo a qualidade e consistência das entregasAvaliar, propor e implementar metodologias estatística, de inteligência artificial e machine learning, avaliando o contexto, prazo de entrega e dados disponíveis.Construir relacionamento com as áreas, buscando oportunidades, subsídios para compreensão do escopo do trabalho e entendimento profundo das regras envolvidas no negócio;Trabalhar na aquisição e tratamento de dados de dados complexos, com foco em alta volumetria, criando códigos de extração replicáveis;Validar e redigir relatórios de análise, para documentação dos estudos;Realizar apresentações de nivelamento e resultados para todos os públicos da CPFL, incluindo reports aos executivos do grupo;Acompanhar implantação dos modelos em produção, geração de indicadores de desempenhos e definição do momento em que os modelos precisam de atualização;O que buscamos:Necessário Superior Completo em Exatas: Estatística, Matemática, Engenharias ou física;Necessário experiência na área;Capacidade analítica e facilidade em interpretar e apresentar resultados;Conhecimento em programação para análise de dados (Ex: Python, Spark);Conhecimento em construção de consultas em bancos de dados (Ex: SQL, Json);Desejável Pós Graduação;Desejável inglês avançado. O que oferecemos: Vale Transporte;Vale Refeição;Assistência Médica;Assistência Odontológica;Auxílio creche (conforme regras de elegibilidade);Seguro de Vida;PLR;Gympass;Programa Fale Comigo (assessoria gratuita e sigilosa via telefone para auxílio psicológico, jurídico, financeiro, social e fonoaudiólogo);Ginástica Laboral (alongamento feito num formato online, pensando no bem-estar dos colaboradores);Mindfulness (sessões de meditação e autodesenvolvimento num formato online). "
23; QualificationsBachelor's degree1+ years of professional experience preferred in oil & gas industryExperience in energy transition topics is not required but a plusExperience in a market research or consulting is a plusAdvance proficiency in Word, PowerPoint, ExcelExcellent quantitative problem-solving skillsHighly analyticalAbility to effectively collaborate in a fast-paced and dynamic team environmentStrong professional attitude and service-oriented mindsetExcellent written and verbal communication skillsWhat You'll DoYou will respond to complex research questions by collecting, analyzing and synthesizing information from a broad variety of sources.You will work with consultants to scope and prioritize their research needs. You will identify the key issues and determine the most appropriate, cost-effective and timely research solutions. You will then gather the necessary raw information using a broad spectrum of sources and will organize, analyze, and synthesize the findings into targeted, McKinsey-formatted end products. These end products may be in the form of single exhibits, written summaries, basic fact packs, and spreadsheets.You will build a solid knowledge base by developing an appropriate broad understanding of the relevant structure, players, and trends in your topic area(s). To build your expertise, you will develop fact packs, summaries, and be assigned portions of larger documents in your area of focus.Who You'll Work WithYou’ll work in Sao Paulo office as part of our Oil & Gas Capability & Insights (C&I) team.McKinsey's Oil & Gas practice serves the top shapers in the global oil and gas industry - an industry that has been historically pivotal to many of the world's most significant geopolitical developments.You will be working closely with consultants serving our clients in Brazil, but will also be supporting client service teams globally as the need arises.You’ll be part of our global Client Capabilities Network, which includes more than 1,800 knowledge professionals who work alongside our consultants and clients to generate distinctive insights and proprietary knowledge. You will continually deepen your knowledge and understanding of the oil & gas sector by supporting our Oil & Gas practice client service and knowledge development. 
